epoch,round,memory_len,round_time,idle_time,loss_actor,loss_critic,loss_critic1,loss_critic2,q1_mean,q2_mean,target_q_mean,critic_grad_norm,actor_grad_norm,bc_reg_term,policy_updated,critic_warmup,total_updates,return_test,return_train,episode_length_test,episode_length_train,sampling_duration,training_step_duration,wall_time
1,1,2417.0,12.168042,0.0,-2.48294,0.002924,0.001692,0.001232,0.362222,0.362377,0.305671,0.162073,0.099268,0.012143,0.5,0.0,2300.5,0.0,9.319401,81.0,147.14,0.023954,0.021838,1789805027.9799972
1,2,2781.0,23.968216,0.0,-2.485036,0.0037,0.001828,0.001872,0.3901,0.390035,0.33247,0.192522,0.125616,0.011368,0.5,0.0,2500.5,0.0,21.850004,81.0,338.045,0.023035,0.021713,1789805052.0005298
1,3,3094.0,9.741039,0.0,-2.48586,0.003258,0.001671,0.001587,0.414396,0.414425,0.356872,0.203333,0.094864,0.011518,0.5,0.0,2700.5,0.0,23.322857,81.0,359.685,0.022212,0.021469,1789805062.014421
1,4,3094.0,8.993565,0.0,-2.487662,0.004211,0.002146,0.002065,0.437479,0.437364,0.380286,0.214772,0.092049,0.010259,0.5,0.0,2900.5,0.0,21.350019,81.0,312.0,0.022864,0.022077,1789805071.0215156
1,5,3432.0,15.106131,0.0,-2.487644,0.004068,0.002098,0.00197,0.469002,0.469016,0.411236,0.223223,0.105754,0.011212,0.5,0.0,3100.5,0.0,21.720007,81.0,324.5,0.023569,0.02191,1789805086.0341618
1,6,3432.0,9.309601,0.0,-2.488085,0.004348,0.002184,0.002164,0.494741,0.49477,0.437463,0.274047,0.099301,0.01076,0.5,0.0,3300.5,0.0,22.089994,81.0,337.0,0.024505,0.021993,1789805095.041572
1,7,4384.0,42.802761,0.0,-2.48863,0.008529,0.004492,0.004037,0.550531,0.55035,0.488176,0.310007,0.108405,0.009957,0.5,0.0,3500.5,0.0,75.865875,81.0,834.34,0.022534,0.02135,1789805138.0789723
1,8,4384.0,8.565703,0.0,-2.488587,0.006769,0.003514,0.003255,0.582049,0.582007,0.519145,0.294245,0.094468,0.010586,0.5,0.0,3700.5,0.0,88.479973,81.0,951.0,0.021808,0.020983,1789805146.5858984
1,9,4505.0,9.417026,0.0,-2.487378,0.00688,0.003541,0.003339,0.615891,0.615662,0.552573,0.353195,0.079574,0.01119,0.5,0.0,3900.5,0.0,9.300002,81.0,120.0,0.024425,0.02262,1789805156.0924494
2,0,4505.0,8.85992,0.0,-2.487146,0.006328,0.003374,0.002954,0.640034,0.64006,0.577721,0.336529,0.073572,0.011923,0.5,0.0,4100.5,0.0,9.300002,81.0,120.0,0.023081,0.021183,1789805165.1005206
2,1,4505.0,9.204898,0.0,-2.485889,0.005945,0.003271,0.002674,0.673323,0.673392,0.611057,0.366528,0.077016,0.012939,0.5,0.0,4300.5,0.0,9.300002,81.0,120.0,0.023852,0.022132,1789805174.1080096
2,2,5082.0,9.200397,0.0,-2.486547,0.011438,0.005966,0.005473,0.712042,0.712176,0.649258,0.429653,0.085984,0.012463,0.5,0.0,4500.5,0.0,29.102493,81.0,322.92,0.023952,0.021993,1789805183.6161263
2,3,5205.0,8.734318,0.0,-2.48748,0.010037,0.005145,0.004892,0.757481,0.757428,0.692724,0.401572,0.074627,0.011889,0.5,0.0,4700.5,0.0,10.480002,81.0,122.0,0.022281,0.021355,1789805192.1219923
2,4,5205.0,8.497892,0.0,-2.488065,0.008611,0.004456,0.004155,0.78802,0.78794,0.723309,0.443214,0.071894,0.011259,0.5,0.0,4900.5,0.0,10.480002,81.0,122.0,0.021791,0.020659,1789805200.6297185
2,5,5205.0,8.74089,0.0,-2.487678,0.008161,0.004197,0.003965,0.816252,0.816131,0.752087,0.373445,0.076523,0.011744,0.5,0.0,5100.5,0.0,10.480002,81.0,122.0,0.022502,0.021171,1789805209.6370587
2,6,5484.0,9.706815,0.0,-2.488084,0.009707,0.005086,0.00462,0.848497,0.848639,0.784446,0.442199,0.07903,0.011263,0.5,0.0,5300.5,0.0,10.267603,81.0,139.28,0.025853,0.022643,1789805219.1442854
2,7,5779.0,8.460496,0.0,-2.487644,0.011873,0.006081,0.005792,0.871394,0.871422,0.808326,0.507471,0.081364,0.011291,0.5,0.0,5500.5,0.0,14.057511,81.0,223.35,0.021615,0.02065,1789805227.6527638
2,8,5880.0,8.711194,0.0,-2.488309,0.011437,0.005943,0.005494,0.897094,0.897032,0.834439,0.453372,0.077634,0.011053,0.5,0.0,5700.5,0.0,16.795017,81.0,279.45,0.022154,0.021367,1789805236.160473
2,9,6003.0,8.659769,0.0,-2.488501,0.012388,0.006495,0.005894,0.929282,0.929332,0.866479,0.548685,0.072618,0.010887,0.5,0.0,5900.5,0.0,9.989999,81.0,122.0,0.022397,0.020869,1789805245.1678991
3,0,6281.0,11.52674,0.0,-2.488662,0.012517,0.006337,0.006181,0.960515,0.960504,0.89786,0.532755,0.079131,0.010717,0.5,0.0,6100.5,0.0,9.738001,81.0,137.725,0.024819,0.022751,1789805256.6776714
3,1,6402.0,11.128948,0.0,-2.488446,0.013196,0.006874,0.006322,0.988857,0.988901,0.926604,0.567768,0.080926,0.010553,0.5,0.0,6300.5,0.0,9.905251,81.0,127.395,0.023477,0.022108,1789805267.6867914
3,2,7021.0,37.090746,0.0,-2.487895,0.022226,0.011233,0.010992,1.028668,1.028518,0.965661,0.690776,0.078706,0.011069,0.5,0.0,6500.5,0.0,47.568016,81.0,598.08,0.023172,0.022145,1789805304.7163365
3,3,7021.0,8.845193,0.0,-2.48791,0.019325,0.00961,0.009715,1.049913,1.04987,0.98776,0.62377,0.07489,0.010921,0.5,0.0,6700.5,0.0,49.140018,81.0,618.0,0.021893,0.022297,1789805313.7227874
3,4,7165.0,8.720698,0.0,-2.487724,0.020657,0.010479,0.010178,1.082037,1.082246,1.01966,0.748659,0.075558,0.011176,0.5,0.0,6900.5,0.0,8.629999,81.0,143.0,0.022504,0.02105,1789805322.2292957
3,5,7284.0,8.83336,0.0,-2.485971,0.018896,0.009643,0.009253,1.1004,1.100191,1.038579,0.696881,0.071601,0.012675,0.5,0.0,7100.5,0.0,8.61115,81.0,139.375,0.022785,0.021349,1789805331.2357218
3,6,7408.0,9.685751,0.0,-2.485628,0.02249,0.011579,0.010911,1.128168,1.128257,1.067356,0.740033,0.076944,0.012949,0.5,0.0,7300.5,0.0,9.46,81.0,123.0,0.025342,0.023034,1789805340.7433586
3,7,7651.0,10.259489,0.0,-2.484597,0.023683,0.011852,0.011831,1.154515,1.154487,1.093377,0.803488,0.084425,0.013924,0.5,0.0,7500.5,0.0,16.639608,81.0,233.67,0.024065,0.022176,1789805351.252479
3,8,7939.0,14.513949,0.0,-2.484101,0.024746,0.012689,0.012057,1.187199,1.187192,1.126475,0.785537,0.083672,0.014414,0.5,0.0,7700.5,0.0,21.877554,81.0,274.175,0.024628,0.022866,1789805365.7637677
3,9,8066.0,9.885907,0.0,-2.483632,0.028684,0.014766,0.013918,1.219447,1.219253,1.15877,0.998841,0.075941,0.014634,0.5,0.0,7900.5,0.0,19.740499,81.0,242.725,0.022418,0.021971,1789805375.7723384
4,0,8946.0,44.557555,0.0,-2.484357,0.034598,0.017578,0.01702,1.264437,1.264584,1.202601,0.814465,0.077725,0.013771,0.5,0.0,8100.5,0.0,52.978039,81.0,607.92,0.024771,0.022893,1789805420.3047142
4,1,8946.0,8.766574,0.0,-2.48428,0.034601,0.017554,0.017047,1.280862,1.280885,1.219884,0.93644,0.084429,0.014038,0.5,0.0,8300.5,0.0,77.620056,81.0,879.0,0.022022,0.021761,1789805429.3126066
4,2,9050.0,9.135176,0.0,-2.484192,0.030786,0.015844,0.014942,1.308018,1.307923,1.246463,0.872044,0.071268,0.014183,0.5,0.0,8500.5,0.0,9.950003,81.0,103.0,0.023099,0.022511,1789805438.3204339
4,3,9151.0,9.81361,0.0,-2.484439,0.029703,0.015296,0.014407,1.336096,1.336257,1.275459,0.808379,0.067444,0.013996,0.5,0.0,8700.5,0.0,9.520001,81.0,100.0,0.026129,0.022897,1789805448.328606
4,4,9257.0,9.532282,0.0,-2.484916,0.03418,0.017704,0.016476,1.372922,1.372885,1.311287,0.859595,0.069538,0.013509,0.5,0.0,8900.5,0.0,9.400002,81.0,105.0,0.024973,0.022643,1789805457.8348734
4,5,9257.0,9.390242,0.0,-2.483935,0.033776,0.017352,0.016424,1.400151,1.399932,1.33949,0.980475,0.068924,0.014423,0.5,0.0,9100.5,0.0,9.400002,81.0,105.0,0.02428,0.02264,1789805467.34185
4,6,9829.0,9.217933,0.0,-2.483061,0.039241,0.019769,0.019472,1.433536,1.433732,1.372254,1.002186,0.071095,0.015112,0.5,0.0,9300.5,0.0,40.389393,81.0,424.21,0.023367,0.02266,1789805476.3498683
4,7,9829.0,10.125895,0.0,-2.483572,0.03826,0.019443,0.018818,1.465245,1.464954,1.403701,0.928533,0.072863,0.01455,0.5,0.0,9500.5,0.0,54.639996,81.0,571.0,0.026579,0.024011,1789805486.3587976
4,8,9829.0,9.648205,0.0,-2.483269,0.034993,0.017917,0.017076,1.480616,1.480518,1.419662,0.91204,0.076736,0.014955,0.5,0.0,9700.5,0.0,54.639996,81.0,571.0,0.025246,0.022953,1789805496.366453
4,9,10452.0,18.317144,0.0,-2.483834,0.04449,0.022558,0.021932,1.538026,1.5382,1.476281,1.101403,0.076066,0.014655,0.5,0.0,9900.5,0.0,60.40675,81.0,613.075,0.023971,0.022532,1789805514.8810754
5,0,10452.0,9.487306,0.0,-2.483005,0.042772,0.021857,0.020914,1.550142,1.550181,1.488506,1.007096,0.074165,0.015379,0.5,0.0,10100.5,0.0,61.630001,81.0,622.0,0.024652,0.022737,1789805524.3889081
5,1,10452.0,9.217006,0.0,-2.482739,0.04125,0.021174,0.020076,1.579844,1.579859,1.5182,1.013991,0.088,0.01564,0.5,0.0,10300.5,0.0,61.630001,81.0,622.0,0.023499,0.022548,1789805533.3972824
5,2,10680.0,10.014055,0.0,-2.482758,0.051319,0.026129,0.02519,1.613076,1.612949,1.552032,1.377069,0.074978,0.015788,0.5,0.0,10500.5,0.0,16.640011,81.0,227.0,0.026829,0.023201,1789805543.4138172
5,3,11102.0,10.127611,0.0,-2.482889,0.044554,0.02253,0.022023,1.629937,1.630067,1.569138,1.038769,0.076331,0.015674,0.5,0.0,10700.5,0.0,10.155798,81.0,113.18,0.023427,0.022152,1789805553.9229586
5,4,11102.0,9.273304,0.0,-2.481638,0.055492,0.028972,0.02652,1.658115,1.658139,1.597882,1.203067,0.078922,0.016642,0.5,0.0,10900.5,0.0,23.599987,81.0,313.0,0.023943,0.022384,1789805562.9306638
5,5,11292.0,9.371519,0.0,-2.482774,0.050272,0.02567,0.024603,1.67841,1.678449,1.618379,1.231541,0.078836,0.015546,0.5,0.0,11100.5,0.0,20.812397,81.0,255.96,0.024874,0.021943,1789805572.4381843
5,6,11612.0,9.790801,0.0,-2.482034,0.050379,0.025956,0.024422,1.712104,1.712067,1.651879,1.171136,0.07863,0.01608,0.5,0.0,11300.5,0.0,9.798151,81.0,99.99,0.022274,0.021619,1789805582.4470015
5,7,11612.0,9.087502,0.0,-2.480913,0.048717,0.025237,0.02348,1.728508,1.728837,1.668363,1.216429,0.084387,0.016942,0.5,0.0,11500.5,0.0,9.43,81.0,98.0,0.023101,0.022286,1789805591.470751
5,8,11818.0,10.110297,0.0,-2.480525,0.047307,0.024597,0.02271,1.753521,1.753344,1.693481,1.116124,0.080196,0.017577,0.5,0.0,11700.5,0.0,9.594549,81.0,101.64,0.022808,0.022678,1789805601.479949
5,9,12026.0,18.945537,0.0,-2.479955,0.053489,0.027796,0.025693,1.793437,1.793338,1.732881,1.185982,0.083874,0.017947,0.5,0.0,11900.5,0.0,9.391749,81.0,103.05,0.022923,0.021714,1789805620.9961581
6,0,12392.0,23.986889,0.0,-2.478855,0.055183,0.028407,0.026776,1.799185,1.799274,1.74003,1.219863,0.090644,0.018661,0.5,0.0,12100.5,0.0,21.990402,81.0,322.92,0.02285,0.02202,1789805645.014956
6,1,12492.0,9.337179,0.0,-2.477642,0.054572,0.028436,0.026136,1.8219,1.821967,1.763093,1.367857,0.08793,0.019982,0.5,0.0,12300.5,0.0,24.245205,81.0,362.34,0.024403,0.022245,1789805654.0220895
6,2,12598.0,10.043634,0.0,-2.477286,0.052964,0.027151,0.025814,1.855777,1.855492,1.796314,1.274475,0.090188,0.020627,0.5,0.0,12500.5,0.0,9.980002,81.0,105.0,0.026637,0.023543,1789805664.0309875
6,3,13153.0,26.856671,0.0,-2.476513,0.068648,0.035742,0.032906,1.881697,1.881511,1.822277,1.381969,0.09495,0.021064,0.5,0.0,12700.5,0.0,50.9342,81.0,545.02,0.022399,0.021799,1789805691.0508273
6,4,13153.0,9.263019,0.0,-2.475834,0.057153,0.03014,0.027013,1.905647,1.906043,1.846621,1.318159,0.092177,0.021972,0.5,0.0,12900.5,0.0,51.77,81.0,554.0,0.023748,0.022517,1789805700.558366
6,5,13263.0,9.377357,0.0,-2.473958,0.057513,0.029339,0.028173,1.922867,1.922647,1.864502,1.26104,0.097378,0.023464,0.5,0.0,13100.5,0.0,9.690001,81.0,109.0,0.024366,0.022498,1789805709.5662036
6,6,13460.0,9.013458,0.0,-2.473493,0.061755,0.032311,0.029443,1.96066,1.960636,1.902108,1.392421,0.096329,0.024501,0.5,0.0,13300.5,0.0,9.757749,81.0,97.165,0.023208,0.021834,1789805718.5729284
6,7,13664.0,9.938702,0.0,-2.472691,0.061882,0.032408,0.029475,1.980129,1.980059,1.922381,1.40905,0.09495,0.024956,0.5,0.0,13500.5,1.37315,9.618752,83.32,103.13,0.023127,0.021501,1789805728.581959
6,8,13867.0,13.219259,0.0,-2.472724,0.063437,0.032937,0.0305,2.012309,2.012153,1.954089,1.461183,0.102654,0.025202,0.5,0.0,13700.5,9.47,9.916251,97.0,97.675,0.023663,0.022362,1789805742.1198146
6,9,14086.0,18.290416,0.0,-2.471932,0.062544,0.031706,0.030838,2.04131,2.041304,1.983334,1.442423,0.093037,0.025748,0.5,0.0,13900.5,9.47,13.921806,97.0,177.485,0.024203,0.022181,1789805760.6379514
7,0,14285.0,10.289427,0.0,-2.471207,0.062079,0.031724,0.030354,2.06962,2.070078,2.012476,1.415664,0.102137,0.026569,0.5,0.0,14100.5,9.47,12.926805,97.0,153.7,0.024126,0.022269,1789805770.645571
7,1,14672.0,22.21262,0.0,-2.470176,0.062776,0.03181,0.030966,2.090217,2.089849,2.032568,1.383538,0.11664,0.027544,0.5,0.0,14300.5,9.47,10.267651,97.0,107.96,0.023841,0.022141,1789805793.174012
7,2,14672.0,9.104349,0.0,-2.469488,0.066997,0.034745,0.032251,2.117188,2.116988,2.060463,1.351357,0.095481,0.02838,0.5,0.0,14500.5,9.47,23.04999,97.0,288.0,0.023291,0.022168,1789805802.181607
7,3,14869.0,9.353798,0.0,-2.470083,0.066336,0.034427,0.03191,2.133793,2.134123,2.078412,1.590148,0.089803,0.027825,0.5,0.0,14700.5,9.47,14.924796,97.0,172.38,0.024235,0.022486,1789805811.6893578
7,4,15395.0,35.881759,0.0,-2.470376,0.070993,0.037123,0.03387,2.176057,2.176034,2.119635,1.524668,0.085356,0.027419,0.5,0.0,14900.5,9.5325,28.311251,95.75,364.125,0.022021,0.022269,1789805847.2157383
7,5,15395.0,9.266224,0.0,-2.471497,0.073695,0.037341,0.036354,2.19349,2.193441,2.13831,1.451242,0.090086,0.026895,0.5,0.0,15100.5,9.57,39.16,95.0,525.0,0.022999,0.0233,1789805856.7232425
7,6,15491.0,9.458547,0.0,-2.470215,0.074732,0.038639,0.036093,2.21197,2.21197,2.157311,1.500579,0.09642,0.027716,0.5,0.0,15300.5,9.57,10.140001,95.0,95.0,0.024794,0.022464,1789805866.2310734
7,7,15690.0,9.452899,0.0,-2.47119,0.072561,0.037069,0.035492,2.235108,2.234481,2.181349,1.564268,0.097079,0.026939,0.5,0.0,15500.5,9.57,9.868799,95.0,98.02,0.023856,0.023378,1789805875.738705
7,8,15880.0,10.24336,0.0,-2.470808,0.074721,0.038285,0.036436,2.260778,2.260601,2.206996,1.436142,0.100473,0.027476,0.5,0.0,15700.5,9.57,9.940099,95.0,94.0,0.023405,0.022764,1789805885.74586
7,9,16473.0,28.640032,0.0,-2.471011,0.079943,0.040413,0.03953,2.299037,2.298857,2.244346,1.521013,0.097783,0.027174,0.5,0.0,15900.5,9.57,32.108192,95.0,377.86,0.024889,0.023205,1789805914.7697985
8,0,16473.0,9.032218,0.0,-2.471898,0.077168,0.04028,0.036888,2.309492,2.309234,2.256505,1.432568,0.096265,0.026631,0.5,0.0,16100.5,9.57,48.989986,95.0,592.0,0.022708,0.022423,1789805923.7787788
8,1,16574.0,9.519777,0.0,-2.471935,0.071176,0.035956,0.03522,2.328272,2.328258,2.275624,1.529072,0.091292,0.026753,0.5,0.0,16300.5,9.57,9.690001,95.0,100.0,0.023968,0.023596,1789805933.2861676
8,2,16669.0,9.284483,0.0,-2.471525,0.071525,0.036596,0.034929,2.354806,2.35456,2.302024,1.447224,0.101101,0.027099,0.5,0.0,16500.5,9.57,10.110002,95.0,94.0,0.023726,0.022645,1789805942.7930484
8,3,16968.0,10.316492,0.0,-2.473832,0.078404,0.039453,0.038951,2.37437,2.374189,2.321293,1.527247,0.097252,0.024887,0.5,0.0,16700.5,9.6225,9.96875,94.75,98.75,0.023605,0.022925,1789805952.8009188
8,4,17070.0,10.48991,0.0,-2.472545,0.083011,0.042892,0.040119,2.405071,2.404722,2.352369,1.846819,0.101504,0.026235,0.5,0.0,16900.5,9.990005,9.6681,93.0,97.52,0.024687,0.022715,1789805963.3101897
8,5,17263.0,11.060348,0.0,-2.472255,0.080458,0.041186,0.039272,2.428458,2.428307,2.375604,1.585804,0.099861,0.026724,0.5,0.0,17100.5,9.990005,9.457051,93.0,97.095,0.023148,0.022091,1789805974.3182006
8,6,17461.0,14.60942,0.0,-2.472095,0.080453,0.041497,0.038956,2.442893,2.443057,2.391873,1.510132,0.095385,0.02649,0.5,0.0,17300.5,9.990005,9.425149,93.0,98.0,0.02503,0.022941,1789805989.3314269
8,7,17785.0,20.565567,0.0,-2.472039,0.077675,0.038858,0.038817,2.458015,2.45753,2.406655,1.550287,0.098058,0.026963,0.5,0.0,17500.5,9.990005,10.757101,93.0,119.4,0.024659,0.023106,1789806009.848986
8,8,17881.0,10.365913,0.0,-2.472595,0.085103,0.043321,0.041782,2.481739,2.481845,2.430526,1.604473,0.101494,0.026541,0.5,0.0,17700.5,9.990005,16.2666,93.0,219.15,0.023899,0.02287,1789806019.856534
8,9,18078.0,17.237216,0.0,-2.4731,0.074424,0.038211,0.036213,2.507469,2.507121,2.455696,1.504064,0.101936,0.025969,0.5,0.0,17900.5,9.916553,9.87115,95.26,95.805,0.023398,0.022712,1789806037.872926
9,0,18592.0,32.132019,0.0,-2.472729,0.089631,0.045724,0.043907,2.525327,2.525339,2.474945,1.603545,0.097607,0.026348,0.5,0.0,18100.5,9.860001,33.28661,97.0,339.12,0.027084,0.02348,1789806069.8978865
9,1,18592.0,10.522516,0.0,-2.473559,0.096467,0.049801,0.046666,2.53992,2.540617,2.489016,1.919259,0.100476,0.02584,0.5,0.0,18300.5,9.860001,50.20002,97.0,513.0,0.028113,0.024452,1789806080.4074926
9,2,19035.0,10.33502,0.0,-2.473396,0.080535,0.040713,0.039822,2.564837,2.565092,2.513111,1.563947,0.09742,0.025999,0.5,0.0,18500.5,9.860001,49.782822,97.0,508.87,0.024531,0.022122,1789806090.9183884
9,3,19035.0,9.204582,0.0,-2.473757,0.090687,0.047211,0.043476,2.577061,2.576833,2.526547,1.663654,0.099583,0.025708,0.5,0.0,18700.5,9.860001,8.480001,97.0,100.0,0.023349,0.022631,1789806099.9255147
9,4,19035.0,9.475172,0.0,-2.473953,0.090737,0.046574,0.044163,2.587783,2.588032,2.537903,1.729989,0.099007,0.025648,0.5,0.0,18900.5,9.860001,8.480001,97.0,100.0,0.024614,0.022719,1789806109.433482
9,5,19231.0,9.385916,0.0,-2.473822,0.089407,0.045719,0.043687,2.6174,2.617111,2.567786,1.609888,0.099122,0.02568,0.5,0.0,19100.5,9.860001,9.5772,97.0,97.82,0.02372,0.023154,1789806118.9441366
9,6,19426.0,9.958491,0.0,-2.473454,0.088371,0.045221,0.043149,2.635103,2.635123,2.58553,1.601739,0.10337,0.026211,0.5,0.0,19300.5,9.860001,10.129749,97.0,96.005,0.025915,0.023828,1789806128.9521332
9,7,19626.0,15.309628,0.0,-2.472979,0.093376,0.048027,0.045348,2.657039,2.656677,2.60692,1.612562,0.105849,0.026578,0.5,0.0,19500.5,9.928,9.712801,95.98,99.0,0.023951,0.022527,1789806144.4642496
9,8,19823.0,14.638473,0.0,-2.473154,0.085715,0.04402,0.041695,2.670937,2.671215,2.622386,1.642046,0.101418,0.026406,0.5,0.0,19700.5,10.06,9.771999,94.0,97.67,0.02485,0.023288,1789806158.9756484
9,9,20018.0,11.525254,0.0,-2.473515,0.090333,0.046128,0.044205,2.684337,2.684639,2.635484,1.586644,0.094746,0.02605,0.5,0.0,19900.5,10.06,9.6616,94.0,96.56,0.014363,0.013202,1789806183.997087
9,9,20234.0,16.242921,0.0,-2.472193,0.093742,0.047629,0.046113,2.7067,2.706779,2.658293,1.774721,0.10452,0.027406,0.5,0.0,20100.5,10.06,9.1801,94.0,105.17,0.013451,0.012683,1789806198.509734
9,9,21435.0,4.976145,0.0,-2.474663,0.095112,0.049061,0.046051,2.791939,2.792192,2.744317,1.800232,0.095798,0.02503,0.5,0.0,21300.5,10.06,9.690001,94.0,103.0,0.012672,0.012183,1789806278.5748158
